nucleus,Z,N,A,binding_energy_MeV,uncertainty_MeV,binding_per_nucleon_MeV,source
He-4,2,2,4,28.295672,0.000002,7.073918,AME2020
Li-6,3,3,6,31.994564,0.000020,5.332427,AME2020
Li-7,3,4,7,39.244400,0.000021,5.606343,AME2020
C-12,6,6,12,92.161753,0.000004,7.680146,AME2020
N-14,7,7,14,104.658870,0.000022,7.475634,AME2020
O-16,8,8,16,127.619336,0.000010,7.976208,AME2020
O-18,8,10,18,139.807790,0.000030,7.767099,AME2020
Ne-20,10,10,20,160.644900,0.000070,8.032245,AME2020
Mg-24,12,12,24,198.257070,0.000060,8.260711,AME2020
Si-28,14,14,28,236.536830,0.000050,8.447744,AME2020
S-32,16,16,32,271.782070,0.000080,8.493189,AME2020
Ar-40,18,22,40,343.810760,0.000070,8.595269,AME2020
Ca-40,20,20,40,342.052310,0.000068,8.551308,AME2020
Ca-48,20,28,48,415.991440,0.000090,8.666488,AME2020
Ti-48,22,26,48,418.700320,0.000100,8.722923,AME2020
Fe-56,26,30,56,492.253780,0.000100,8.790246,AME2020
Ni-58,28,30,58,506.457710,0.000110,8.732375,AME2020
Ni-60,28,32,60,526.845710,0.000090,8.780762,AME2020
Zn-64,30,34,64,559.098300,0.000130,8.735911,AME2020
Ge-72,32,40,72,625.392500,0.000200,8.685729,AME2020
Se-80,34,46,80,696.651900,0.000250,8.708149,AME2020
Kr-84,36,48,84,727.341100,0.000270,8.658822,AME2020
Sr-88,38,50,88,768.470600,0.000300,8.732621,AME2020
Zr-90,40,50,90,783.893500,0.000320,8.710150,AME2020
Mo-98,42,56,98,852.166400,0.000400,8.695575,AME2020
Ru-102,44,58,102,881.597200,0.000450,8.643109,AME2020
Pd-106,46,60,106,920.221700,0.000500,8.681336,AME2020
Cd-114,48,66,114,975.648800,0.000600,8.558323,AME2020
Sn-120,50,70,120,1020.540300,0.000650,8.504502,AME2020
Te-130,52,78,130,1112.038400,0.000750,8.554141,AME2020
Xe-132,54,78,132,1135.050500,0.000800,8.598108,AME2020
Ba-138,56,82,138,1177.644300,0.000900,8.533655,AME2020
Ce-140,58,82,140,1173.578700,0.001000,8.382705,AME2020
Nd-142,60,82,142,1190.326500,0.001100,8.383285,AME2020
Sm-152,62,90,152,1316.016800,0.001300,8.657347,AME2020
Gd-158,64,94,158,1357.539600,0.001500,8.591389,AME2020
Dy-164,66,98,164,1405.862700,0.001700,8.572943,AME2020
Er-166,68,98,166,1418.178500,0.001800,8.542640,AME2020
Yb-174,70,104,174,1474.876300,0.002000,8.477451,AME2020
Hf-180,72,108,180,1539.298200,0.002200,8.551657,AME2020
W-184,74,110,184,1577.456900,0.002400,8.573786,AME2020
Os-192,76,116,192,1643.638400,0.002800,8.560618,AME2020
Pt-195,78,117,195,1661.802300,0.003000,8.521550,AME2020
Hg-202,80,122,202,1705.280200,0.003500,8.442971,AME2020
Pb-208,82,126,208,1636.437220,0.000150,7.867487,AME2020
U-238,92,146,238,1801.693500,0.005000,7.570395,AME2020
