galaxy,distance_Mpc,v_flat_obs_km_s,v_flat_uncertainty_km_s,stellar_mass_log_Msun,gas_mass_log_Msun,total_baryonic_mass_log_Msun,morphology,notes
DDO154,3.7,31.2,2.1,6.89,7.62,7.70,Irr,Low surface brightness
DDO161,7.0,51.4,3.2,7.25,7.98,8.10,Irr,Dwarf irregular
DDO168,4.3,43.7,2.8,7.10,7.85,7.95,Irr,Gas dominated
DDO170,12.8,48.6,3.5,7.48,8.15,8.25,Irr,Dwarf galaxy
F563-1,49.0,89.3,5.1,8.92,9.45,9.62,Sc,Late-type spiral
F563-V2,83.5,112.6,6.8,9.18,9.62,9.81,Sc,Distant spiral
F568-3,84.0,167.2,9.4,9.85,10.12,10.35,Sb,Massive spiral
F571-8,92.3,145.8,8.2,9.62,9.98,10.20,Sbc,Intermediate spiral
IC2574,3.8,68.5,3.9,8.35,9.02,9.15,Sm,Nearby irregular
NGC0024,7.4,82.1,4.6,9.12,9.58,9.72,Sc,Well-studied spiral
NGC0055,1.9,73.4,4.1,8.88,9.35,9.48,SBm,Barred irregular
NGC0100,13.5,97.5,5.8,9.35,9.75,9.92,Scd,Late-type
NGC0247,3.6,94.8,5.4,9.28,9.68,9.85,SABd,Intermediate
NGC0300,2.0,96.2,5.5,9.31,9.70,9.87,Sd,Sculptor group
NGC0801,65.2,252.3,14.2,10.68,10.88,11.15,Sb,Massive early-type
NGC0891,9.5,223.4,12.6,10.52,10.75,11.02,Sb,Edge-on spiral
NGC1003,11.4,112.8,6.5,9.48,9.88,10.05,Scd,Late-type
NGC1569,3.4,47.3,3.1,7.95,8.68,8.78,IBm,Starburst dwarf
NGC2403,3.2,133.6,7.5,9.65,10.02,10.21,Scd,Intermediate mass
NGC2841,14.1,285.7,16.1,10.85,11.02,11.28,Sb,Massive early-type
NGC2903,8.9,187.4,10.6,10.28,10.55,10.78,Sbc,Barred spiral
NGC2915,3.8,86.4,4.9,8.22,8.95,9.07,I0,Blue compact dwarf
NGC2976,3.6,82.7,4.7,8.58,9.28,9.42,Sc,Nearby spiral
NGC3031,3.6,231.5,13.0,10.55,10.78,11.05,Sab,M81 early-type
NGC3198,13.8,152.3,8.6,9.82,10.15,10.36,Sc,Classic test case
NGC3521,10.7,234.6,13.2,10.58,10.80,11.07,Sbc,Intermediate
NGC3621,6.6,146.8,8.3,9.75,10.10,10.30,Sd,Late-type
NGC3627,9.3,201.2,11.3,10.38,10.63,10.87,Sb,Leo Triplet member
NGC3741,3.2,28.9,2.0,6.72,7.48,7.58,Im,Low mass dwarf
NGC4736,4.7,158.3,8.9,9.92,10.23,10.43,Sab,M94 ringed galaxy
NGC5055,9.9,198.5,11.2,10.36,10.62,10.85,Sbc,M63 sunflower
NGC5194,8.0,227.8,12.8,10.53,10.77,11.03,Sbc,M51 Whirlpool
NGC5236,4.5,181.4,10.2,10.22,10.50,10.73,Sc,M83 southern pinwheel
NGC5457,6.7,234.2,13.2,10.58,10.80,11.07,Scd,M101 Pinwheel
NGC6503,5.3,118.7,6.7,9.52,9.92,10.08,Scd,Intermediate
NGC6674,53.8,209.5,11.8,10.43,10.68,10.92,Sc,Distant spiral
NGC6789,3.6,53.8,3.4,7.88,8.62,8.72,IBm,Dwarf irregular
NGC6946,5.5,178.3,10.0,10.20,10.48,10.71,Scd,Fireworks galaxy
NGC7331,14.7,242.6,13.7,10.62,10.83,11.10,Sb,Massive spiral
NGC7793,3.4,116.5,6.6,9.50,9.90,10.07,Sd,Sculptor group
UGC00128,62.5,134.7,7.8,9.67,10.04,10.23,Scd,Distant
UGC00191,61.8,98.4,5.9,9.36,9.76,9.93,Sm,Late-type
UGC00731,85.2,127.5,7.5,9.59,9.97,10.16,Sc,Intermediate
UGC01230,58.4,112.3,6.7,9.47,9.87,10.04,Scd,Late-type
UGC02259,10.3,87.5,5.1,9.18,9.62,9.81,Im,Irregular
UGC02885,78.2,302.8,17.1,10.95,11.10,11.35,Sc,Super spiral
UGC03205,84.5,155.2,8.9,9.84,10.17,10.37,Scd,Distant spiral
UGC03546,63.7,141.8,8.2,9.72,10.08,10.27,Sbc,Intermediate
UGC04325,14.8,89.6,5.2,9.20,9.64,9.82,Sm,Late-type dwarf
UGC05005,48.3,175.4,9.9,10.18,10.46,10.69,Sc,Massive spiral
UGC05721,27.6,123.8,7.1,9.56,9.95,10.14,Scd,Intermediate
UGC05986,51.2,164.8,9.4,10.02,10.28,10.50,Sbc,Intermediate mass
UGC06614,19.4,106.3,6.2,9.42,9.82,10.00,Scd,Late-type
UGC06917,78.9,189.7,10.7,10.30,10.56,10.80,Sbc,Massive
UGC06923,23.1,118.2,6.8,9.51,9.91,10.08,Sc,Intermediate
UGC06930,38.5,143.5,8.3,9.73,10.08,10.28,Sbc,Intermediate
UGC06973,34.2,98.7,5.8,9.37,9.77,9.94,Scd,Late-type
UGC07089,41.6,152.6,8.7,9.82,10.16,10.36,Sc,Massive
UGC07125,52.8,131.4,7.6,9.63,10.01,10.20,Scd,Intermediate
UGC07232,94.7,167.8,9.5,10.08,10.32,10.54,Sbc,Distant massive
UGC07524,56.3,145.2,8.4,9.74,10.09,10.29,Sc,Intermediate
UGC07559,32.5,112.9,6.6,9.48,9.88,10.05,Scd,Late-type
UGC07603,125.4,223.8,12.8,10.52,10.75,11.02,Sbc,Very distant
UGC07690,41.8,156.3,8.9,9.86,10.19,10.39,Sc,Massive
UGC07866,46.2,138.7,8.0,9.69,10.06,10.25,Scd,Intermediate
UGC08490,68.5,118.5,6.9,9.51,9.91,10.08,Sm,Late-type
UGC08550,72.3,174.2,9.9,10.17,10.44,10.68,Sc,Massive spiral
UGC09133,64.1,165.8,9.4,10.04,10.30,10.52,Sbc,Intermediate
UGC09992,89.6,209.8,11.9,10.43,10.68,10.92,Sbc,Massive
UGC11455,71.5,187.3,10.6,10.28,10.55,10.78,Sc,Massive spiral
UGC11557,52.4,142.6,8.2,9.72,10.08,10.27,Scd,Intermediate
UGC11583,95.8,196.4,11.2,10.35,10.61,10.84,Sbc,Distant massive
UGC11914,58.9,128.3,7.4,9.60,9.98,10.17,Scd,Intermediate
